{
  "type": "FeatureCollection",
  "features": [
    {
      "type": "Feature",
      "properties": {
        "id": "ciutat_vella",
        "name": "Ciutat Vella"
      },
      "geometry": {
        "type": "Polygon",
        "coordinates": [
          [
            [
              2.18345,
              41.39061
            ],
            [
              2.18132,
              41.39222
            ],
            [
              2.17986,
              41.39105
            ],
            [
              2.17749,
              41.39016
            ],
            [
              2.17585,
              41.38895
            ],
            [
              2.17341,
              41.38895
            ],
            [
              2.17277,
              41.38847
            ],
            [
              2.17151,
              41.38704
            ],
            [
              2.17114,
              41.38684
            ],
            [
              2.17028,
              41.38588
            ],
            [
              2.16977,
              41.38557
            ],
            [
              2.16936,
              41.38554
            ],
            [
              2.16471,
              41.38593
            ],
            [
              2.16401,
              41.3854
            ],
            [
              2.16309,
              41.37875
            ],
            [
              2.16779,
              41.37517
            ],
            [
              2.1678,
              41.37498
            ],
            [
              2.17,
              41.37496
            ],
            [
              2.1753,
              41.37462
            ],
            [
              2.17574,
              41.37429
            ],
            [
              2.17561,
              41.37421
            ],
            [
              2.17546,
              41.37393
            ],
            [
              2.17551,
              41.37367
            ],
            [
              2.17563,
              41.37352
            ],
            [
              2.17547,
              41.37333
            ],
            [
              2.1763,
              41.37295
            ],
            [
              2.17709,
              41.37275
            ],
            [
              2.17729,
              41.37251
            ],
            [
              2.18204,
              41.37037
            ],
            [
              2.18301,
              41.37154
            ],
            [
              2.18299,
              41.37161
            ],
            [
              2.17812,
              41.37382
            ],
            [
              2.17827,
              41.37401
            ],
            [
              2.17798,
              41.37414
            ],
            [
              2.1823,
              41.37955
            ],
            [
              2.18251,
              41.37946
            ],
            [
              2.18325,
              41.37755
            ],
            [
              2.18151,
              41.37535
            ],
            [
              2.18165,
              41.37489
            ],
            [
              2.18292,
              41.37431
            ],
            [
              2.18306,
              41.37434
            ],
            [
              2.18499,
              41.37675
            ],
            [
              2.18355,
              41.38045
            ],
            [
              2.18467,
              41.3807
            ],
            [
              2.18592,
              41.38011
            ],
            [
              2.18605,
              41.37979
            ],
            [
              2.18595,
              41.37976
            ],
            [
              2.18603,
              41.37955
            ],
            [
              2.18645,
              41.37965
            ],
            [
              2.18726,
              41.3776
            ],
            [
              2.18644,
              41.37741
            ],
            [
              2.18644,
              41.37734
            ],
            [
              2.1872,
              41.37723
            ],
            [
              2.18689,
              41.37601
            ],
            [
              2.1866,
              41.37605
            ],
            [
              2.18684,
              41.37591
            ],
            [
              2.18688,
              41.37595
            ],
            [
              2.18683,
              41.37569
            ],
            [
              2.18693,
              41.37562
            ],
            [
              2.18531,
              41.37498
            ],
            [
              2.18473,
              41.37503
            ],
            [
              2.18472,
              41.37497
            ],
            [
              2.18527,
              41.37492
            ],
            [
              2.18521,
              41.37453
            ],
            [
              2.18455,
              41.37464
            ],
            [
              2.18454,
              41.37458
            ],
            [
              2.1852,
              41.37448
            ],
            [
              2.18514,
              41.37408
            ],
            [
              2.18449,
              41.37422
            ],
            [
              2.18447,
              41.37417
            ],
            [
              2.18513,
              41.37403
            ],
            [
              2.18507,
              41.37364
            ],
            [
              2.18447,
              41.37381
            ],
            [
              2.18445,
              41.37376
            ],
            [
              2.18506,
              41.37358
            ],
            [
              2.185,
              41.37323
            ],
            [
              2.18442,
              41.37341
            ],
            [
              2.18439,
              41.37336
            ],
            [
              2.18499,
              41.37313
            ],
            [
              2.18493,
              41.37279
            ],
            [
              2.1843,
              41.37303
            ],
            [
              2.18426,
              41.37299
            ],
            [
              2.18493,
              41.37267
            ],
            [
              2.18423,
              41.37295
            ],
            [
              2.18489,
              41.37265
            ],
            [
              2.18561,
              41.37261
            ],
            [
              2.18593,
              41.37453
            ],
            [
              2.18666,
              41.37482
            ],
            [
              2.18749,
              41.37456
            ],
            [
              2.18712,
              41.37387
            ],
            [
              2.1868,
              41.37356
            ],
            [
              2.18709,
              41.37379
            ],
            [
              2.18682,
              41.37329
            ],
            [
              2.18755,
              41.37316
            ],
            [
              2.1874,
              41.37228
            ],
            [
              2.18592,
              41.3724
            ],
            [
              2.1858,
              41.37169
            ],
            [
              2.18616,
              41.37165
            ],
            [
              2.18615,
              41.37159
            ],
            [
              2.18579,
              41.37162
            ],
            [
              2.18577,
              41.37121
            ],
            [
              2.18721,
              41.3711
            ],
            [
              2.18714,
              41.37064
            ],
            [
              2.18471,
              41.3709
            ],
            [
              2.18461,
              41.37085
            ],
            [
              2.18458,
              41.37048
            ],
            [
              2.18496,
              41.37042
            ],
            [
              2.18462,
              41.36861
            ],
            [
              2.1847,
              41.36853
            ],
            [
              2.18519,
              41.36848
            ],
            [
              2.18515,
              41.3681
            ],
            [
              2.18595,
              41.36803
            ],
            [
              2.18599,
              41.36832
            ],
            [
              2.18586,
              41.36845
            ],
            [
              2.18617,
              41.37013
            ],
            [
              2.1872,
              41.37001
            ],
            [
              2.18688,
              41.3683
            ],
            [
              2.18697,
              41.36829
            ],
            [
              2.18668,
              41.36691
            ],
            [
              2.18536,
              41.36536
            ],
            [
              2.18513,
              41.36569
            ],
            [
              2.18493,
              41.36563
            ],
            [
              2.18494,
              41.36526
            ],
            [
              2.18513,
              41.3653
            ],
            [
              2.18531,
              41.36475
            ],
            [
              2.18561,
              41.36475
            ],
            [
              2.18597,
              41.36422
            ],
            [
              2.18648,
              41.36404
            ],
            [
              2.18665,
              41.36405
            ],
            [
              2.18678,
              41.36418
            ],
            [
              2.18615,
              41.36441
            ],
            [
              2.18587,
              41.36488
            ],
            [
              2.18684,
              41.36567
            ],
            [
              2.18726,
              41.36625
            ],
            [
              2.18746,
              41.36676
            ],
            [
              2.18756,
              41.36678
            ],
            [
              2.1879,
              41.36723
            ],
            [
              2.18925,
              41.36674
            ],
            [
              2.1893,
              41.36664
            ],
            [
              2.18759,
              41.36402
            ],
            [
              2.18741,
              41.36358
            ],
            [
              2.18726,
              41.36342
            ],
            [
              2.18687,
              41.36341
            ],
            [
              2.18669,
              41.36329
            ],
            [
              2.18668,
              41.36322
            ],
            [
              2.18716,
              41.36308
            ],
            [
              2.18665,
              41.36162
            ],
            [
              2.18528,
              41.35811
            ],
            [
              2.18512,
              41.35815
            ],
            [
              2.18504,
              41.35798
            ],
            [
              2.18466,
              41.35806
            ],
            [
              2.1846,
              41.3579
            ],
            [
              2.18536,
              41.35773
            ],
            [
              2.18685,
              41.36159
            ],
            [
              2.18709,
              41.36154
            ],
            [
              2.18715,
              41.36171
            ],
            [
              2.18709,
              41.36172
            ],
            [
              2.18751,
              41.36279
            ],
            [
              2.18773,
              41.36308
            ],
            [
              2.18776,
              41.36347
            ],
            [
              2.19013,
              41.36705
            ],
            [
              2.19188,
              41.36986
            ],
            [
              2.19179,
              41.36998
            ],
            [
              2.19157,
              41.37004
            ],
            [
              2.19111,
              41.36939
            ],
            [
              2.19035,
              41.36952
            ],
            [
              2.18985,
              41.36993
            ],
            [
              2.18949,
              41.37069
            ],
            [
              2.18951,
              41.37156
            ],
            [
              2.18969,
              41.37241
            ],
            [
              2.19024,
              41.37387
            ],
            [
              2.19086,
              41.37519
            ],
            [
              2.1913,
              41.37584
            ],
            [
              2.19195,
              41.37645
            ],
            [
              2.19277,
              41.37684
            ],
            [
              2.19344,
              41.37692
            ],
            [
              2.1932,
              41.37708
            ],
            [
              2.19287,
              41.37764
            ],
            [
              2.19282,
              41.37794
            ],
            [
              2.19287,
              41.3784
            ],
            [
              2.19297,
              41.37874
            ],
            [
              2.19342,
              41.37958
            ],
            [
              2.19395,
              41.38021
            ],
            [
              2.1945,
              41.38071
            ],
            [
              2.19498,
              41.38097
            ],
            [
              2.19653,
              41.38041
            ],
            [
              2.19654,
              41.3803
            ],
            [
              2.19664,
              41.38025
            ],
            [
              2.19693,
              41.3803
            ],
            [
              2.19693,
              41.38051
            ],
            [
              2.19683,
              41.38057
            ],
            [
              2.19665,
              41.38052
            ],
            [
              2.19535,
              41.38099
            ],
            [
              2.19568,
              41.38152
            ],
            [
              2.19696,
              41.38107
            ],
            [
              2.19695,
              41.38099
            ],
            [
              2.19702,
              41.38095
            ],
            [
              2.19717,
              41.38096
            ],
            [
              2.19732,
              41.38111
            ],
            [
              2.19722,
              41.38123
            ],
            [
              2.19698,
              41.38121
            ],
            [
              2.19546,
              41.38174
            ],
            [
              2.19557,
              41.38252
            ],
            [
              2.19593,
              41.38319
            ],
            [
              2.19656,
              41.38383
            ],
            [
              2.19722,
              41.38421
            ],
            [
              2.19819,
              41.38448
            ],
            [
              2.19832,
              41.38434
            ],
            [
              2.19823,
              41.3847
            ],
            [
              2.1986,
              41.385
            ],
            [
              2.19908,
              41.38464
            ],
            [
              2.19972,
              41.38499
            ],
            [
              2.19642,
              41.38747
            ],
            [
              2.19595,
              41.38754
            ],
            [
              2.19575,
              41.38785
            ],
            [
              2.19357,
              41.38624
            ],
            [
              2.18677,
              41.39139
            ],
            [
              2.18459,
              41.38976
            ],
            [
              2.18345,
              41.39061
            ]
          ]
        ]
      }
    },
    {
      "type": "Feature",
      "properties": {
        "id": "eixample",
        "name": "Eixample"
      },
      "geometry": {
        "type": "Polygon",
        "coordinates": [
          [
            [
              2.1869,
              41.40165
            ],
            [
              2.18453,
              41.40345
            ],
            [
              2.18567,
              41.40431
            ],
            [
              2.17547,
              41.41204
            ],
            [
              2.16866,
              41.40693
            ],
            [
              2.17204,
              41.40437
            ],
            [
              2.16735,
              41.40086
            ],
            [
              2.16622,
              41.40171
            ],
            [
              2.15923,
              41.39646
            ],
            [
              2.14498,
              41.39286
            ],
            [
              2.14499,
              41.39265
            ],
            [
              2.14484,
              41.39246
            ],
            [
              2.14458,
              41.39237
            ],
            [
              2.14434,
              41.39238
            ],
            [
              2.14365,
              41.3905
            ],
            [
              2.14294,
              41.38768
            ],
            [
              2.14275,
              41.3866
            ],
            [
              2.1423,
              41.38072
            ],
            [
              2.14824,
              41.37623
            ],
            [
              2.1499,
              41.37507
            ],
            [
              2.1678,
              41.37498
            ],
            [
              2.16779,
              41.37517
            ],
            [
              2.16309,
              41.37875
            ],
            [
              2.16401,
              41.3854
            ],
            [
              2.16471,
              41.38593
            ],
            [
              2.16936,
              41.38554
            ],
            [
              2.16977,
              41.38557
            ],
            [
              2.17028,
              41.38588
            ],
            [
              2.17114,
              41.38684
            ],
            [
              2.17151,
              41.38704
            ],
            [
              2.17277,
              41.38847
            ],
            [
              2.17341,
              41.38895
            ],
            [
              2.17585,
              41.38895
            ],
            [
              2.17749,
              41.39016
            ],
            [
              2.17986,
              41.39105
            ],
            [
              2.18132,
              41.39222
            ],
            [
              2.18238,
              41.39142
            ],
            [
              2.18673,
              41.39464
            ],
            [
              2.18666,
              41.39483
            ],
            [
              2.18687,
              41.39497
            ],
            [
              2.1869,
              41.40165
            ]
          ]
        ]
      }
    },
    {
      "type": "Feature",
      "properties": {
        "id": "sants_montjuic",
        "name": "Sants-Montjuïc"
      },
      "geometry": {
        "type": "Polygon",
        "coordinates": [
          [
            [
              2.14824,
              41.37623
            ],
            [
              2.1423,
              41.38072
            ],
            [
              2.14264,
              41.38562
            ],
            [
              2.14071,
              41.38417
            ],
            [
              2.13906,
              41.38322
            ],
            [
              2.13761,
              41.38257
            ],
            [
              2.13481,
              41.38153
            ],
            [
              2.13167,
              41.3806
            ],
            [
              2.13084,
              41.38027
            ],
            [
              2.12758,
              41.37856
            ],
            [
              2.1227,
              41.37567
            ],
            [
              2.12179,
              41.37569
            ],
            [
              2.12208,
              41.37541
            ],
            [
              2.12324,
              41.37485
            ],
            [
              2.12376,
              41.37434
            ],
            [
              2.12427,
              41.37354
            ],
            [
              2.12545,
              41.37289
            ],
            [
              2.1273,
              41.37163
            ],
            [
              2.12814,
              41.37118
            ],
            [
              2.12923,
              41.37073
            ],
            [
              2.13042,
              41.36973
            ],
            [
              2.13104,
              41.36893
            ],
            [
              2.13163,
              41.36797
            ],
            [
              2.13203,
              41.36678
            ],
            [
              2.13289,
              41.36554
            ],
            [
              2.13287,
              41.36536
            ],
            [
              2.13366,
              41.36361
            ],
            [
              2.13543,
              41.36226
            ],
            [
              2.13499,
              41.36151
            ],
            [
              2.13468,
              41.36115
            ],
            [
              2.13297,
              41.35985
            ],
            [
              2.13331,
              41.35938
            ],
            [
              2.13285,
              41.35919
            ],
            [
              2.13337,
              41.35848
            ],
            [
              2.13322,
              41.35843
            ],
            [
              2.13319,
              41.35742
            ],
            [
              2.13297,
              41.3565
            ],
            [
              2.13319,
              41.35618
            ],
            [
              2.13207,
              41.35574
            ],
            [
              2.1339,
              41.35306
            ],
            [
              2.13377,
              41.35301
            ],
            [
              2.13504,
              41.3513
            ],
            [
              2.13742,
              41.34877
            ],
            [
              2.13707,
              41.34865
            ],
            [
              2.13679,
              41.34836
            ],
            [
              2.12809,
              41.3453
            ],
            [
              2.1112,
              41.3397
            ],
            [
              2.10053,
              41.33604
            ],
            [
              2.10225,
              41.33535
            ],
            [
              2.10413,
              41.33434
            ],
            [
              2.10539,
              41.33349
            ],
            [
              2.10765,
              41.33174
            ],
            [
              2.10875,
              41.33073
            ],
            [
              2.1123,
              41.32612
            ],
            [
              2.11404,
              41.32488
            ],
            [
              2.11565,
              41.32389
            ],
            [
              2.11704,
              41.32332
            ],
            [
              2.1189,
              41.32273
            ],
            [
              2.12175,
              41.32207
            ],
            [
              2.1258,
              41.32135
            ],
            [
              2.12852,
              41.32096
            ],
            [
              2.13071,
              41.32077
            ],
            [
              2.13977,
              41.32112
            ],
            [
              2.14374,
              41.32094
            ],
            [
              2.14574,
              41.32075
            ],
            [
              2.14973,
              41.32076
            ],
            [
              2.14986,
              41.32068
            ],
            [
              2.15082,
              41.32167
            ],
            [
              2.15173,
              41.32315
            ],
            [
              2.15227,
              41.32296
            ],
            [
              2.15235,
              41.32308
            ],
            [
              2.1529,
              41.3244
            ],
            [
              2.15318,
              41.32549
            ],
            [
              2.15364,
              41.32665
            ],
            [
              2.15388,
              41.32747
            ],
            [
              2.15382,
              41.32752
            ],
            [
              2.15396,
              41.32767
            ],
            [
              2.15422,
              41.32756
            ],
            [
              2.15425,
              41.3275
            ],
            [
              2.15404,
              41.32727
            ],
            [
              2.15421,
              41.32721
            ],
            [
              2.1545,
              41.32747
            ],
            [
              2.15448,
              41.32762
            ],
            [
              2.1543,
              41.32786
            ],
            [
              2.15885,
              41.32783
            ],
            [
              2.15897,
              41.32776
            ],
            [
              2.15872,
              41.32728
            ],
            [
              2.1589,
              41.32714
            ],
            [
              2.1592,
              41.32722
            ],
            [
              2.15973,
              41.32824
            ],
            [
              2.1611,
              41.33159
            ],
            [
              2.16334,
              41.3365
            ],
            [
              2.1636,
              41.33723
            ],
            [
              2.16375,
              41.33737
            ],
            [
              2.16368,
              41.33746
            ],
            [
              2.16391,
              41.33797
            ],
            [
              2.1651,
              41.33788
            ],
            [
              2.16502,
              41.33761
            ],
            [
              2.16518,
              41.33759
            ],
            [
              2.16539,
              41.33831
            ],
            [
              2.16524,
              41.33834
            ],
            [
              2.16515,
              41.33807
            ],
            [
              2.16408,
              41.33832
            ],
            [
              2.16494,
              41.34025
            ],
            [
              2.16512,
              41.3402
            ],
            [
              2.16515,
              41.34027
            ],
            [
              2.1656,
              41.34016
            ],
            [
              2.16573,
              41.34061
            ],
            [
              2.16563,
              41.34063
            ],
            [
              2.16553,
              41.34025
            ],
            [
              2.16518,
              41.34034
            ],
            [
              2.16529,
              41.34059
            ],
            [
              2.16515,
              41.34058
            ],
            [
              2.16511,
              41.34067
            ],
            [
              2.16532,
              41.34114
            ],
            [
              2.16542,
              41.34118
            ],
            [
              2.16614,
              41.34107
            ],
            [
              2.16625,
              41.34123
            ],
            [
              2.16617,
              41.34133
            ],
            [
              2.16575,
              41.34132
            ],
            [
              2.16491,
              41.34152
            ],
            [
              2.16421,
              41.34154
            ],
            [
              2.16362,
              41.34167
            ],
            [
              2.16366,
              41.34185
            ],
            [
              2.16395,
              41.34184
            ],
            [
              2.16407,
              41.34213
            ],
            [
              2.1642,
              41.34211
            ],
            [
              2.16424,
              41.34223
            ],
            [
              2.16253,
              41.3425
            ],
            [
              2.1625,
              41.34238
            ],
            [
              2.16264,
              41.34236
            ],
            [
              2.16259,
              41.34207
            ],
            [
              2.16284,
              41.34201
            ],
            [
              2.16278,
              41.3418
            ],
            [
              2.16105,
              41.34208
            ],
            [
              2.16118,
              41.34259
            ],
            [
              2.15948,
              41.34325
            ],
            [
              2.15921,
              41.34325
            ],
            [
              2.15825,
              41.34259
            ],
            [
              2.15787,
              41.34259
            ],
            [
              2.15708,
              41.34223
            ],
            [
              2.15705,
              41.34228
            ],
            [
              2.15715,
              41.34232
            ],
            [
              2.15709,
              41.34241
            ],
            [
              2.15685,
              41.34229
            ],
            [
              2.15696,
              41.34218
            ],
            [
              2.15683,
              41.34212
            ],
            [
              2.15679,
              41.34218
            ],
            [
              2.1568,
              41.34211
            ],
            [
              2.15623,
              41.34182
            ],
            [
              2.15555,
              41.34081
            ],
            [
              2.15482,
              41.33951
            ],
            [
              2.15449,
              41.33908
            ],
            [
              2.15438,
              41.33903
            ],
            [
              2.15433,
              41.33893
            ],
            [
              2.1544,
              41.33883
            ],
            [
              2.15409,
              41.33831
            ],
            [
              2.15379,
              41.33782
            ],
            [
              2.15361,
              41.33779
            ],
            [
              2.15367,
              41.33763
            ],
            [
              2.15293,
              41.33643
            ],
            [
              2.15275,
              41.3364
            ],
            [
              2.1528,
              41.33623
            ],
            [
              2.15274,
              41.33612
            ],
            [
              2.15209,
              41.33505
            ],
            [
              2.15196,
              41.33505
            ],
            [
              2.15188,
              41.33496
            ],
            [
              2.15196,
              41.33489
            ],
            [
              2.15193,
              41.3348
            ],
            [
              2.15128,
              41.33375
            ],
            [
              2.15107,
              41.33366
            ],
            [
              2.15116,
              41.33358
            ],
            [
              2.15112,
              41.33349
            ],
            [
              2.1505,
              41.33253
            ],
            [
              2.1503,
              41.33241
            ],
            [
              2.15034,
              41.33223
            ],
            [
              2.14974,
              41.33133
            ],
            [
              2.14955,
              41.33121
            ],
            [
              2.14949,
              41.33108
            ],
            [
              2.14953,
              41.33093
            ],
            [
              2.14891,
              41.33
            ],
            [
              2.14868,
              41.33002
            ],
            [
              2.1459,
              41.33099
            ],
            [
              2.14609,
              41.33129
            ],
            [
              2.14585,
              41.33137
            ],
            [
              2.14728,
              41.3337
            ],
            [
              2.14428,
              41.33475
            ],
            [
              2.14531,
              41.33643
            ],
            [
              2.14563,
              41.33632
            ],
            [
              2.14561,
              41.33655
            ],
            [
              2.14957,
              41.33668
            ],
            [
              2.15092,
              41.34648
            ],
            [
              2.15187,
              41.34641
            ],
            [
              2.15181,
              41.34572
            ],
            [
              2.15188,
              41.34578
            ],
            [
              2.15196,
              41.3464
            ],
            [
              2.15274,
              41.34634
            ],
            [
              2.15264,
              41.34563
            ],
            [
              2.15301,
              41.3456
            ],
            [
              2.15285,
              41.34449
            ],
            [
              2.15322,
              41.34446
            ],
            [
              2.15301,
              41.34294
            ],
            [
              2.15311,
              41.34273
            ],
            [
              2.15331,
              41.3427
            ],
            [
              2.16324,
              41.34837
            ],
            [
              2.16314,
              41.34846
            ],
            [
              2.16304,
              41.34845
            ],
            [
              2.16338,
              41.34864
            ],
            [
              2.1637,
              41.34852
            ],
            [
              2.16356,
              41.3484
            ],
            [
              2.16691,
              41.34714
            ],
            [
              2.17305,
              41.3565
            ],
            [
              2.1699,
              41.35865
            ],
            [
              2.17093,
              41.36025
            ],
            [
              2.17545,
              41.35863
            ],
            [
              2.17674,
              41.36055
            ],
            [
              2.17369,
              41.36165
            ],
            [
              2.17384,
              41.36188
            ],
            [
              2.17348,
              41.36204
            ],
            [
              2.17598,
              41.36532
            ],
            [
              2.17928,
              41.36412
            ],
            [
              2.17899,
              41.36368
            ],
            [
              2.17931,
              41.36356
            ],
            [
              2.18075,
              41.36584
            ],
            [
              2.17983,
              41.36622
            ],
            [
              2.17968,
              41.36598
            ],
            [
              2.17652,
              41.36713
            ],
            [
              2.17669,
              41.3674
            ],
            [
              2.17639,
              41.36742
            ],
            [
              2.17668,
              41.36939
            ],
            [
              2.17704,
              41.36936
            ],
            [
              2.17711,
              41.36982
            ],
            [
              2.17675,
              41.36985
            ],
            [
              2.17709,
              41.37214
            ],
            [
              2.17738,
              41.37212
            ],
            [
              2.17762,
              41.37236
            ],
            [
              2.17729,
              41.37251
            ],
            [
              2.17709,
              41.37275
            ],
            [
              2.1763,
              41.37295
            ],
            [
              2.17547,
              41.37333
            ],
            [
              2.17563,
              41.37352
            ],
            [
              2.17551,
              41.37367
            ],
            [
              2.17546,
              41.37393
            ],
            [
              2.17561,
              41.37421
            ],
            [
              2.17574,
              41.37429
            ],
            [
              2.1753,
              41.37462
            ],
            [
              2.17,
              41.37496
            ],
            [
              2.1499,
              41.37507
            ],
            [
              2.14824,
              41.37623
            ]
          ]
        ]
      }
    },
    {
      "type": "Feature",
      "properties": {
        "id": "les_corts",
        "name": "Les Corts"
      },
      "geometry": {
        "type": "Polygon",
        "coordinates": [
          [
            [
              2.10342,
              41.4011
            ],
            [
              2.10293,
              41.4011
            ],
            [
              2.10283,
              41.40052
            ],
            [
              2.10168,
              41.39915
            ],
            [
              2.1005,
              41.39855
            ],
            [
              2.10044,
              41.398
            ],
            [
              2.10015,
              41.39756
            ],
            [
              2.09993,
              41.39681
            ],
            [
              2.09939,
              41.39627
            ],
            [
              2.09902,
              41.39541
            ],
            [
              2.09851,
              41.39498
            ],
            [
              2.09809,
              41.39425
            ],
            [
              2.09779,
              41.39396
            ],
            [
              2.09804,
              41.3936
            ],
            [
              2.09805,
              41.39343
            ],
            [
              2.09913,
              41.39281
            ],
            [
              2.0998,
              41.392
            ],
            [
              2.09986,
              41.39079
            ],
            [
              2.10002,
              41.39014
            ],
            [
              2.10025,
              41.38969
            ],
            [
              2.1002,
              41.38938
            ],
            [
              2.10026,
              41.3891
            ],
            [
              2.10059,
              41.38841
            ],
            [
              2.1007,
              41.38826
            ],
            [
              2.10117,
              41.38801
            ],
            [
              2.10229,
              41.38752
            ],
            [
              2.10201,
              41.38735
            ],
            [
              2.10111,
              41.38708
            ],
            [
              2.10203,
              41.38625
            ],
            [
              2.10226,
              41.38612
            ],
            [
              2.10261,
              41.38575
            ],
            [
              2.10269,
              41.38555
            ],
            [
              2.10289,
              41.38549
            ],
            [
              2.10339,
              41.38455
            ],
            [
              2.10343,
              41.38437
            ],
            [
              2.10273,
              41.38363
            ],
            [
              2.10225,
              41.38342
            ],
            [
              2.10118,
              41.38318
            ],
            [
              2.10193,
              41.38134
            ],
            [
              2.10266,
              41.3806
            ],
            [
              2.10318,
              41.38028
            ],
            [
              2.10386,
              41.38007
            ],
            [
              2.1055,
              41.37888
            ],
            [
              2.10598,
              41.37923
            ],
            [
              2.10814,
              41.37814
            ],
            [
              2.10906,
              41.37704
            ],
            [
              2.10929,
              41.37643
            ],
            [
              2.10931,
              41.37594
            ],
            [
              2.1178,
              41.37578
            ],
            [
              2.12144,
              41.37799
            ],
            [
              2.12165,
              41.37734
            ],
            [
              2.12162,
              41.37611
            ],
            [
              2.12179,
              41.37569
            ],
            [
              2.1227,
              41.37567
            ],
            [
              2.12758,
              41.37856
            ],
            [
              2.13084,
              41.38027
            ],
            [
              2.13167,
              41.3806
            ],
            [
              2.13481,
              41.38153
            ],
            [
              2.13761,
              41.38257
            ],
            [
              2.13906,
              41.38322
            ],
            [
              2.14071,
              41.38417
            ],
            [
              2.14264,
              41.38562
            ],
            [
              2.14294,
              41.38768
            ],
            [
              2.14353,
              41.39004
            ],
            [
              2.1438,
              41.39103
            ],
            [
              2.14434,
              41.39238
            ],
            [
              2.14405,
              41.39257
            ],
            [
              2.13877,
              41.39124
            ],
            [
              2.13067,
              41.39247
            ],
            [
              2.12998,
              41.39268
            ],
            [
              2.12933,
              41.39238
            ],
            [
              2.12227,
              41.39062
            ],
            [
              2.1209,
              41.39009
            ],
            [
              2.12055,
              41.3908
            ],
            [
              2.12001,
              41.39128
            ],
            [
              2.11937,
              41.39157
            ],
            [
              2.11801,
              41.39192
            ],
            [
              2.11756,
              41.39222
            ],
            [
              2.11798,
              41.39259
            ],
            [
              2.11818,
              41.39288
            ],
            [
              2.11836,
              41.3932
            ],
            [
              2.11848,
              41.39376
            ],
            [
              2.11829,
              41.39459
            ],
            [
              2.11801,
              41.39496
            ],
            [
              2.11763,
              41.39524
            ],
            [
              2.11561,
              41.39587
            ],
            [
              2.11313,
              41.39726
            ],
            [
              2.11268,
              41.397
            ],
            [
              2.11194,
              41.39636
            ],
            [
              2.11091,
              41.39583
            ],
            [
              2.10994,
              41.39517
            ],
            [
              2.10962,
              41.39551
            ],
            [
              2.1095,
              41.39591
            ],
            [
              2.10975,
              41.3963
            ],
            [
              2.1097,
              41.39658
            ],
            [
              2.10935,
              41.39704
            ],
            [
              2.10931,
              41.39722
            ],
            [
              2.10895,
              41.39755
            ],
            [
              2.10897,
              41.39766
            ],
            [
              2.10865,
              41.39845
            ],
            [
              2.10829,
              41.39864
            ],
            [
              2.10819,
              41.39882
            ],
            [
              2.10774,
              41.39923
            ],
            [
              2.10735,
              41.39937
            ],
            [
              2.10707,
              41.3998
            ],
            [
              2.10663,
              41.40006
            ],
            [
              2.10539,
              41.4006
            ],
            [
              2.10342,
              41.4011
            ]
          ]
        ]
      }
    },
    {
      "type": "Feature",
      "properties": {
        "id": "sarria_sant_gervasi",
        "name": "Sarrià-Sant Gervasi"
      },
      "geometry": {
        "type": "Polygon",
        "coordinates": [
          [
            [
              2.07255,
              41.43547
            ],
            [
              2.07334,
              41.43645
            ],
            [
              2.07303,
              41.43661
            ],
            [
              2.07177,
              41.4363
            ],
            [
              2.07118,
              41.4353
            ],
            [
              2.07106,
              41.43505
            ],
            [
              2.07094,
              41.4344
            ],
            [
              2.07148,
              41.43308
            ],
            [
              2.07312,
              41.43067
            ],
            [
              2.07411,
              41.43021
            ],
            [
              2.07453,
              41.42989
            ],
            [
              2.07548,
              41.42955
            ],
            [
              2.07583,
              41.42923
            ],
            [
              2.07648,
              41.4289
            ],
            [
              2.07662,
              41.42871
            ],
            [
              2.07382,
              41.42793
            ],
            [
              2.07299,
              41.42752
            ],
            [
              2.07323,
              41.42742
            ],
            [
              2.07295,
              41.42629
            ],
            [
              2.07254,
              41.42578
            ],
            [
              2.07277,
              41.42549
            ],
            [
              2.0727,
              41.42515
            ],
            [
              2.07319,
              41.42494
            ],
            [
              2.07454,
              41.42478
            ],
            [
              2.07516,
              41.425
            ],
            [
              2.07571,
              41.42493
            ],
            [
              2.07647,
              41.42504
            ],
            [
              2.07714,
              41.42505
            ],
            [
              2.0776,
              41.42494
            ],
            [
              2.07812,
              41.42494
            ],
            [
              2.07923,
              41.42455
            ],
            [
              2.07968,
              41.42447
            ],
            [
              2.08023,
              41.42449
            ],
            [
              2.08054,
              41.42458
            ],
            [
              2.08059,
              41.42441
            ],
            [
              2.08096,
              41.424
            ],
            [
              2.08059,
              41.42406
            ],
            [
              2.08036,
              41.42399
            ],
            [
              2.08022,
              41.42373
            ],
            [
              2.08024,
              41.42336
            ],
            [
              2.08007,
              41.42306
            ],
            [
              2.07791,
              41.42248
            ],
            [
              2.07606,
              41.42231
            ],
            [
              2.07534,
              41.42198
            ],
            [
              2.07695,
              41.42102
            ],
            [
              2.07703,
              41.42081
            ],
            [
              2.07694,
              41.42041
            ],
            [
              2.07696,
              41.41996
            ],
            [
              2.07685,
              41.41979
            ],
            [
              2.07683,
              41.41953
            ],
            [
              2.07752,
              41.41903
            ],
            [
              2.07765,
              41.4186
            ],
            [
              2.07876,
              41.41886
            ],
            [
              2.0786,
              41.41857
            ],
            [
              2.07877,
              41.4184
            ],
            [
              2.07865,
              41.418
            ],
            [
              2.07903,
              41.4176
            ],
            [
              2.07928,
              41.41675
            ],
            [
              2.07981,
              41.41625
            ],
            [
              2.07974,
              41.41566
            ],
            [
              2.07946,
              41.41557
            ],
            [
              2.07904,
              41.41513
            ],
            [
              2.07903,
              41.41504
            ],
            [
              2.07912,
              41.41498
            ],
            [
              2.07907,
              41.41494
            ],
            [
              2.07859,
              41.41498
            ],
            [
              2.07734,
              41.41463
            ],
            [
              2.07731,
              41.41444
            ],
            [
              2.07656,
              41.41387
            ],
            [
              2.0763,
              41.41355
            ],
            [
              2.07597,
              41.41279
            ],
            [
              2.07605,
              41.41273
            ],
            [
              2.07555,
              41.41239
            ],
            [
              2.07454,
              41.4122
            ],
            [
              2.07413,
              41.41188
            ],
            [
              2.07344,
              41.41186
            ],
            [
              2.07306,
              41.41143
            ],
            [
              2.0726,
              41.41118
            ],
            [
              2.07228,
              41.41111
            ],
            [
              2.07214,
              41.41095
            ],
            [
              2.0721,
              41.41062
            ],
            [
              2.07144,
              41.40919
            ],
            [
              2.07135,
              41.40881
            ],
            [
              2.07144,
              41.40858
            ],
            [
              2.07196,
              41.40789
            ],
            [
              2.07206,
              41.40754
            ],
            [
              2.07152,
              41.40719
            ],
            [
              2.07032,
              41.40723
            ],
            [
              2.07,
              41.40703
            ],
            [
              2.0705,
              41.40604
            ],
            [
              2.07147,
              41.40473
            ],
            [
              2.07206,
              41.40409
            ],
            [
              2.07219,
              41.40346
            ],
            [
              2.07279,
              41.40316
            ],
            [
              2.07375,
              41.4033
            ],
            [
              2.07489,
              41.40291
            ],
            [
              2.07561,
              41.40318
            ],
            [
              2.07641,
              41.40319
            ],
            [
              2.07777,
              41.40287
            ],
            [
              2.07859,
              41.40312
            ],
            [
              2.07913,
              41.40374
            ],
            [
              2.08012,
              41.40455
            ],
            [
              2.08031,
              41.40515
            ],
            [
              2.08028,
              41.40566
            ],
            [
              2.08042,
              41.40596
            ],
            [
              2.08067,
              41.40606
            ],
            [
              2.08098,
              41.40639
            ],
            [
              2.08183,
              41.40672
            ],
            [
              2.08245,
              41.40708
            ],
            [
              2.08279,
              41.40776
            ],
            [
              2.08354,
              41.40828
            ],
            [
              2.08364,
              41.40854
            ],
            [
              2.08414,
              41.40894
            ],
            [
              2.08419,
              41.40909
            ],
            [
              2.08413,
              41.40935
            ],
            [
              2.08546,
              41.40971
            ],
            [
              2.086,
              41.40971
            ],
            [
              2.0867,
              41.40953
            ],
            [
              2.08759,
              41.40893
            ],
            [
              2.08867,
              41.40861
            ],
            [
              2.0896,
              41.40844
            ],
            [
              2.09173,
              41.40819
            ],
            [
              2.09266,
              41.40827
            ],
            [
              2.09423,
              41.40795
            ],
            [
              2.09565,
              41.40785
            ],
            [
              2.09622,
              41.40797
            ],
            [
              2.09666,
              41.40824
            ],
            [
              2.09695,
              41.4088
            ],
            [
              2.09732,
              41.40911
            ],
            [
              2.09796,
              41.4091
            ],
            [
              2.099,
              41.40886
            ],
            [
              2.10028,
              41.40841
            ],
            [
              2.10061,
              41.40837
            ],
            [
              2.10102,
              41.40766
            ],
            [
              2.1016,
              41.407
            ],
            [
              2.10181,
              41.40512
            ],
            [
              2.10286,
              41.40482
            ],
            [
              2.10359,
              41.4044
            ],
            [
              2.10371,
              41.40424
            ],
            [
              2.10382,
              41.40384
            ],
            [
              2.10383,
              41.40329
            ],
            [
              2.10355,
              41.4026
            ],
            [
              2.10315,
              41.40205
            ],
            [
              2.10318,
              41.40165
            ],
            [
              2.10293,
              41.4011
            ],
            [
              2.10352,
              41.40109
            ],
            [
              2.10538,
              41.4006
            ],
            [
              2.10707,
              41.3998
            ],
            [
              2.10735,
              41.39937
            ],
            [
              2.10774,
              41.39923
            ],
            [
              2.10819,
              41.39882
            ],
            [
              2.10827,
              41.39866
            ],
            [
              2.10865,
              41.39845
            ],
            [
              2.10875,
              41.39831
            ],
            [
              2.10871,
              41.3982
            ],
            [
              2.10897,
              41.39766
            ],
            [
              2.10895,
              41.39755
            ],
            [
              2.10931,
              41.39722
            ],
            [
              2.10935,
              41.39704
            ],
            [
              2.1097,
              41.39658
            ],
            [
              2.10975,
              41.3963
            ],
            [
              2.1095,
              41.39591
            ],
            [
              2.10962,
              41.39551
            ],
            [
              2.10994,
              41.39517
            ],
            [
              2.11091,
              41.39583
            ],
            [
              2.11194,
              41.39636
            ],
            [
              2.11268,
              41.397
            ],
            [
              2.11313,
              41.39726
            ],
            [
              2.11561,
              41.39587
            ],
            [
              2.11763,
              41.39524
            ],
            [
              2.11801,
              41.39496
            ],
            [
              2.11829,
              41.39459
            ],
            [
              2.11848,
              41.39376
            ],
            [
              2.11836,
              41.3932
            ],
            [
              2.11818,
              41.39288
            ],
            [
              2.11798,
              41.39259
            ],
            [
              2.11756,
              41.39222
            ],
            [
              2.11801,
              41.39192
            ],
            [
              2.11937,
              41.39157
            ],
            [
              2.12001,
              41.39128
            ],
            [
              2.12055,
              41.3908
            ],
            [
              2.1209,
              41.39009
            ],
            [
              2.12227,
              41.39062
            ],
            [
              2.12933,
              41.39238
            ],
            [
              2.12998,
              41.39268
            ],
            [
              2.13067,
              41.39247
            ],
            [
              2.13877,
              41.39124
            ],
            [
              2.14405,
              41.39257
            ],
            [
              2.14434,
              41.39238
            ],
            [
              2.14466,
              41.39238
            ],
            [
              2.14494,
              41.39255
            ],
            [
              2.14498,
              41.39286
            ],
            [
              2.15571,
              41.39557
            ],
            [
              2.15493,
              41.39678
            ],
            [
              2.15123,
              41.40049
            ],
            [
              2.15116,
              41.40073
            ],
            [
              2.15123,
              41.40115
            ],
            [
              2.15116,
              41.40149
            ],
            [
              2.14992,
              41.40321
            ],
            [
              2.15003,
              41.40378
            ],
            [
              2.15033,
              41.40414
            ],
            [
              2.15037,
              41.40437
            ],
            [
              2.14997,
              41.40551
            ],
            [
              2.15007,
              41.40599
            ],
            [
              2.14903,
              41.40689
            ],
            [
              2.14879,
              41.40673
            ],
            [
              2.14897,
              41.40658
            ],
            [
              2.14891,
              41.40655
            ],
            [
              2.14838,
              41.40681
            ],
            [
              2.1485,
              41.40689
            ],
            [
              2.14838,
              41.40699
            ],
            [
              2.14866,
              41.40719
            ],
            [
              2.14767,
              41.408
            ],
            [
              2.14608,
              41.40997
            ],
            [
              2.1456,
              41.41083
            ],
            [
              2.14536,
              41.41105
            ],
            [
              2.14477,
              41.41134
            ],
            [
              2.14096,
              41.41173
            ],
            [
              2.1407,
              41.41184
            ],
            [
              2.13796,
              41.41397
            ],
            [
              2.13702,
              41.41446
            ],
            [
              2.13615,
              41.41522
            ],
            [
              2.13606,
              41.41559
            ],
            [
              2.13631,
              41.41599
            ],
            [
              2.13432,
              41.41771
            ],
            [
              2.13368,
              41.41801
            ],
            [
              2.13279,
              41.4183
            ],
            [
              2.13228,
              41.41858
            ],
            [
              2.13124,
              41.41824
            ],
            [
              2.13055,
              41.41828
            ],
            [
              2.13022,
              41.41866
            ],
            [
              2.13006,
              41.41911
            ],
            [
              2.13014,
              41.41957
            ],
            [
              2.13009,
              41.41965
            ],
            [
              2.1295,
              41.41944
            ],
            [
              2.12907,
              41.4196
            ],
            [
              2.12891,
              41.41987
            ],
            [
              2.12876,
              41.41993
            ],
            [
              2.12841,
              41.41971
            ],
            [
              2.12806,
              41.41973
            ],
            [
              2.12745,
              41.41938
            ],
            [
              2.12746,
              41.41925
            ],
            [
              2.12802,
              41.41895
            ],
            [
              2.12817,
              41.41876
            ],
            [
              2.12817,
              41.41866
            ],
            [
              2.12791,
              41.41842
            ],
            [
              2.12791,
              41.41829
            ],
            [
              2.12862,
              41.41781
            ],
            [
              2.12893,
              41.41742
            ],
            [
              2.12532,
              41.41901
            ],
            [
              2.12116,
              41.42071
            ],
            [
              2.12151,
              41.42087
            ],
            [
              2.12151,
              41.42112
            ],
            [
              2.1214,
              41.42135
            ],
            [
              2.12088,
              41.42188
            ],
            [
              2.12043,
              41.42272
            ],
            [
              2.12055,
              41.42311
            ],
            [
              2.12045,
              41.42375
            ],
            [
              2.12052,
              41.42411
            ],
            [
              2.12134,
              41.42547
            ],
            [
              2.12135,
              41.42562
            ],
            [
              2.12121,
              41.42578
            ],
            [
              2.12127,
              41.42583
            ],
            [
              2.12118,
              41.42589
            ],
            [
              2.12075,
              41.42593
            ],
            [
              2.11956,
              41.42574
            ],
            [
              2.11928,
              41.42587
            ],
            [
              2.11893,
              41.42581
            ],
            [
              2.11775,
              41.42622
            ],
            [
              2.11711,
              41.42627
            ],
            [
              2.11632,
              41.42666
            ],
            [
              2.11546,
              41.42688
            ],
            [
              2.11542,
              41.42749
            ],
            [
              2.11508,
              41.42782
            ],
            [
              2.11332,
              41.4285
            ],
            [
              2.11294,
              41.42836
            ],
            [
              2.11234,
              41.42861
            ],
            [
              2.11186,
              41.42835
            ],
            [
              2.11101,
              41.42828
            ],
            [
              2.11015,
              41.42848
            ],
            [
              2.10971,
              41.42842
            ],
            [
              2.1092,
              41.42873
            ],
            [
              2.10901,
              41.42875
            ],
            [
              2.10772,
              41.42864
            ],
            [
              2.10668,
              41.42863
            ],
            [
              2.10634,
              41.4285
            ],
            [
              2.10585,
              41.42856
            ],
            [
              2.10575,
              41.42878
            ],
            [
              2.10531,
              41.42884
            ],
            [
              2.10436,
              41.42853
            ],
            [
              2.10359,
              41.42811
            ],
            [
              2.10322,
              41.42807
            ],
            [
              2.10271,
              41.42843
            ],
            [
              2.10211,
              41.42869
            ],
            [
              2.10184,
              41.42909
            ],
            [
              2.10115,
              41.42979
            ],
            [
              2.0999,
              41.43011
            ],
            [
              2.09915,
              41.43012
            ],
            [
              2.09872,
              41.43089
            ],
            [
              2.09894,
              41.4317
            ],
            [
              2.09709,
              41.4325
            ],
            [
              2.09607,
              41.43327
            ],
            [
              2.09549,
              41.43285
            ],
            [
              2.09471,
              41.43276
            ],
            [
              2.09407,
              41.43211
            ],
            [
              2.09393,
              41.43171
            ],
            [
              2.0936,
              41.43127
            ],
            [
              2.09334,
              41.43098
            ],
            [
              2.09295,
              41.43073
            ],
            [
              2.09271,
              41.43031
            ],
            [
              2.0925,
              41.43016
            ],
            [
              2.09243,
              41.42982
            ],
            [
              2.09229,
              41.42961
            ],
            [
              2.09175,
              41.42949
            ],
            [
              2.09143,
              41.42924
            ],
            [
              2.09112,
              41.42918
            ],
            [
              2.09083,
              41.42881
            ],
            [
              2.09043,
              41.42864
            ],
            [
              2.09003,
              41.42894
            ],
            [
              2.08921,
              41.42921
            ],
            [
              2.08898,
              41.42914
            ],
            [
              2.08879,
              41.42862
            ],
            [
              2.08616,
              41.42891
            ],
            [
              2.08558,
              41.42907
            ],
            [
              2.08537,
              41.42932
            ],
            [
              2.08389,
              41.42997
            ],
            [
              2.0837,
              41.43016
            ],
            [
              2.08385,
              41.43042
            ],
            [
              2.08342,
              41.43085
            ],
            [
              2.08261,
              41.43078
            ],
            [
              2.08245,
              41.43114
            ],
            [
              2.08258,
              41.43148
            ],
            [
              2.08232,
              41.43163
            ],
            [
              2.08204,
              41.43167
            ],
            [
              2.08144,
              41.43158
            ],
            [
              2.08111,
              41.4312
            ],
            [
              2.08125,
              41.43073
            ],
            [
              2.08077,
              41.43064
            ],
            [
              2.08015,
              41.43088
            ],
            [
              2.08026,
              41.43156
            ],
            [
              2.0802,
              41.43174
            ],
            [
              2.07997,
              41.43189
            ],
            [
              2.07816,
              41.43203
            ],
            [
              2.07736,
              41.43239
            ],
            [
              2.07671,
              41.43285
            ],
            [
              2.07529,
              41.43296
            ],
            [
              2.07485,
              41.43344
            ],
            [
              2.07507,
              41.43387
            ],
            [
              2.07513,
              41.4345
            ],
            [
              2.07477,
              41.4353
            ],
            [
              2.07395,
              41.43535
            ],
            [
              2.07319,
              41.43521
            ],
            [
              2.07283,
              41.43546
            ],
            [
              2.07255,
              41.43547
            ]
          ]
        ]
      }
    },
    {
      "type": "Feature",
      "properties": {
        "id": "gracia",
        "name": "Gràcia"
      },
      "geometry": {
        "type": "Polygon",
        "coordinates": [
          [
            [
              2.13629,
              41.42363
            ],
            [
              2.13616,
              41.42377
            ],
            [
              2.13615,
              41.42426
            ],
            [
              2.13598,
              41.42454
            ],
            [
              2.13511,
              41.42488
            ],
            [
              2.13505,
              41.4247
            ],
            [
              2.13536,
              41.42438
            ],
            [
              2.13534,
              41.42425
            ],
            [
              2.13478,
              41.42358
            ],
            [
              2.13465,
              41.42361
            ],
            [
              2.13457,
              41.42351
            ],
            [
              2.13421,
              41.42278
            ],
            [
              2.13428,
              41.42258
            ],
            [
              2.13478,
              41.42216
            ],
            [
              2.13471,
              41.42213
            ],
            [
              2.13355,
              41.42234
            ],
            [
              2.13281,
              41.42259
            ],
            [
              2.1319,
              41.42253
            ],
            [
              2.13058,
              41.42275
            ],
            [
              2.12995,
              41.42257
            ],
            [
              2.13048,
              41.42196
            ],
            [
              2.13126,
              41.42133
            ],
            [
              2.1313,
              41.42105
            ],
            [
              2.13215,
              41.42008
            ],
            [
              2.1322,
              41.41993
            ],
            [
              2.13207,
              41.4198
            ],
            [
              2.13101,
              41.41939
            ],
            [
              2.13082,
              41.4195
            ],
            [
              2.13058,
              41.41992
            ],
            [
              2.13007,
              41.42008
            ],
            [
              2.12991,
              41.41999
            ],
            [
              2.12967,
              41.41959
            ],
            [
              2.12932,
              41.41952
            ],
            [
              2.1296,
              41.41943
            ],
            [
              2.13,
              41.41966
            ],
            [
              2.13013,
              41.41961
            ],
            [
              2.13006,
              41.41911
            ],
            [
              2.13022,
              41.41866
            ],
            [
              2.13055,
              41.41828
            ],
            [
              2.13124,
              41.41824
            ],
            [
              2.13228,
              41.41858
            ],
            [
              2.13279,
              41.4183
            ],
            [
              2.13368,
              41.41801
            ],
            [
              2.13432,
              41.41771
            ],
            [
              2.13631,
              41.41599
            ],
            [
              2.13606,
              41.41559
            ],
            [
              2.13615,
              41.41522
            ],
            [
              2.13702,
              41.41446
            ],
            [
              2.13796,
              41.41397
            ],
            [
              2.14082,
              41.41177
            ],
            [
              2.14477,
              41.41134
            ],
            [
              2.14536,
              41.41105
            ],
            [
              2.1456,
              41.41083
            ],
            [
              2.14608,
              41.40997
            ],
            [
              2.14767,
              41.408
            ],
            [
              2.14866,
              41.40719
            ],
            [
              2.14838,
              41.40699
            ],
            [
              2.1485,
              41.40689
            ],
            [
              2.14838,
              41.40681
            ],
            [
              2.14891,
              41.40655
            ],
            [
              2.14897,
              41.40658
            ],
            [
              2.14879,
              41.40673
            ],
            [
              2.14903,
              41.40689
            ],
            [
              2.15007,
              41.40599
            ],
            [
              2.14997,
              41.40551
            ],
            [
              2.15037,
              41.40437
            ],
            [
              2.15033,
              41.40414
            ],
            [
              2.15003,
              41.40378
            ],
            [
              2.14992,
              41.40321
            ],
            [
              2.15116,
              41.40149
            ],
            [
              2.15123,
              41.40115
            ],
            [
              2.15116,
              41.40073
            ],
            [
              2.15123,
              41.40049
            ],
            [
              2.15493,
              41.39678
            ],
            [
              2.15571,
              41.39557
            ],
            [
              2.15923,
              41.39646
            ],
            [
              2.16622,
              41.40171
            ],
            [
              2.16735,
              41.40086
            ],
            [
              2.17204,
              41.40437
            ],
            [
              2.16369,
              41.41072
            ],
            [
              2.16124,
              41.41357
            ],
            [
              2.16142,
              41.41376
            ],
            [
              2.16138,
              41.41394
            ],
            [
              2.16106,
              41.41418
            ],
            [
              2.1605,
              41.41392
            ],
            [
              2.16013,
              41.41396
            ],
            [
              2.15947,
              41.41427
            ],
            [
              2.15895,
              41.41464
            ],
            [
              2.15809,
              41.41558
            ],
            [
              2.15757,
              41.41652
            ],
            [
              2.15742,
              41.41657
            ],
            [
              2.15721,
              41.41651
            ],
            [
              2.15663,
              41.41562
            ],
            [
              2.15599,
              41.41519
            ],
            [
              2.15576,
              41.41511
            ],
            [
              2.15546,
              41.41512
            ],
            [
              2.15537,
              41.41497
            ],
            [
              2.15522,
              41.41492
            ],
            [
              2.15466,
              41.41522
            ],
            [
              2.15272,
              41.41681
            ],
            [
              2.15192,
              41.4169
            ],
            [
              2.15168,
              41.41721
            ],
            [
              2.15142,
              41.41729
            ],
            [
              2.15142,
              41.41738
            ],
            [
              2.15099,
              41.41759
            ],
            [
              2.15089,
              41.41772
            ],
            [
              2.15091,
              41.418
            ],
            [
              2.15115,
              41.4185
            ],
            [
              2.15152,
              41.41894
            ],
            [
              2.15177,
              41.42014
            ],
            [
              2.14927,
              41.42037
            ],
            [
              2.14949,
              41.42061
            ],
            [
              2.14947,
              41.42164
            ],
            [
              2.1478,
              41.42159
            ],
            [
              2.14698,
              41.42126
            ],
            [
              2.14514,
              41.42089
            ],
            [
              2.14472,
              41.42073
            ],
            [
              2.14453,
              41.42053
            ],
            [
              2.1439,
              41.42014
            ],
            [
              2.14221,
              41.42145
            ],
            [
              2.14184,
              41.42156
            ],
            [
              2.14046,
              41.4211
            ],
            [
              2.14004,
              41.42023
            ],
            [
              2.13772,
              41.42099
            ],
            [
              2.13767,
              41.42115
            ],
            [
              2.13774,
              41.42129
            ],
            [
              2.13827,
              41.42153
            ],
            [
              2.13844,
              41.42177
            ],
            [
              2.13808,
              41.42282
            ],
            [
              2.13759,
              41.42332
            ],
            [
              2.13726,
              41.42346
            ],
            [
              2.13629,
              41.42363
            ]
          ]
        ]
      }
    },
    {
      "type": "Feature",
      "properties": {
        "id": "horta_guinardo",
        "name": "Horta-Guinardó"
      },
      "geometry": {
        "type": "Polygon",
        "coordinates": [
          [
            [
              2.12044,
              41.4228
            ],
            [
              2.12088,
              41.42188
            ],
            [
              2.1214,
              41.42135
            ],
            [
              2.12151,
              41.42112
            ],
            [
              2.12151,
              41.42087
            ],
            [
              2.12116,
              41.42071
            ],
            [
              2.12532,
              41.41901
            ],
            [
              2.12893,
              41.41742
            ],
            [
              2.12862,
              41.41781
            ],
            [
              2.12791,
              41.41829
            ],
            [
              2.12791,
              41.41842
            ],
            [
              2.12817,
              41.41866
            ],
            [
              2.12817,
              41.41876
            ],
            [
              2.12802,
              41.41895
            ],
            [
              2.12746,
              41.41925
            ],
            [
              2.12745,
              41.41938
            ],
            [
              2.12758,
              41.4195
            ],
            [
              2.12806,
              41.41973
            ],
            [
              2.12841,
              41.41971
            ],
            [
              2.12879,
              41.41993
            ],
            [
              2.12891,
              41.41987
            ],
            [
              2.12907,
              41.4196
            ],
            [
              2.12952,
              41.41951
            ],
            [
              2.12976,
              41.41968
            ],
            [
              2.12993,
              41.42002
            ],
            [
              2.1301,
              41.42008
            ],
            [
              2.13058,
              41.41992
            ],
            [
              2.13086,
              41.41946
            ],
            [
              2.13109,
              41.41939
            ],
            [
              2.13207,
              41.4198
            ],
            [
              2.1322,
              41.41993
            ],
            [
              2.13215,
              41.42008
            ],
            [
              2.1313,
              41.42105
            ],
            [
              2.13126,
              41.42133
            ],
            [
              2.13048,
              41.42196
            ],
            [
              2.12995,
              41.42257
            ],
            [
              2.13058,
              41.42275
            ],
            [
              2.1319,
              41.42253
            ],
            [
              2.13281,
              41.42259
            ],
            [
              2.13355,
              41.42234
            ],
            [
              2.13471,
              41.42213
            ],
            [
              2.13478,
              41.42216
            ],
            [
              2.13428,
              41.42258
            ],
            [
              2.13421,
              41.42278
            ],
            [
              2.13457,
              41.42351
            ],
            [
              2.13465,
              41.42361
            ],
            [
              2.13478,
              41.42358
            ],
            [
              2.13534,
              41.42425
            ],
            [
              2.13536,
              41.42438
            ],
            [
              2.13505,
              41.4247
            ],
            [
              2.13511,
              41.42488
            ],
            [
              2.13598,
              41.42454
            ],
            [
              2.13615,
              41.42426
            ],
            [
              2.13616,
              41.42377
            ],
            [
              2.13629,
              41.42363
            ],
            [
              2.13726,
              41.42346
            ],
            [
              2.13759,
              41.42332
            ],
            [
              2.13808,
              41.42282
            ],
            [
              2.13844,
              41.42177
            ],
            [
              2.13827,
              41.42153
            ],
            [
              2.13774,
              41.42129
            ],
            [
              2.13767,
              41.42115
            ],
            [
              2.13772,
              41.42099
            ],
            [
              2.14004,
              41.42023
            ],
            [
              2.14046,
              41.4211
            ],
            [
              2.14184,
              41.42156
            ],
            [
              2.14221,
              41.42145
            ],
            [
              2.1439,
              41.42014
            ],
            [
              2.14453,
              41.42053
            ],
            [
              2.14472,
              41.42073
            ],
            [
              2.14514,
              41.42089
            ],
            [
              2.14698,
              41.42126
            ],
            [
              2.1478,
              41.42159
            ],
            [
              2.14947,
              41.42164
            ],
            [
              2.14949,
              41.42061
            ],
            [
              2.14927,
              41.42037
            ],
            [
              2.15177,
              41.42014
            ],
            [
              2.15152,
              41.41894
            ],
            [
              2.15115,
              41.4185
            ],
            [
              2.15091,
              41.418
            ],
            [
              2.15089,
              41.41772
            ],
            [
              2.15099,
              41.41759
            ],
            [
              2.15142,
              41.41738
            ],
            [
              2.15142,
              41.41729
            ],
            [
              2.15168,
              41.41721
            ],
            [
              2.15192,
              41.4169
            ],
            [
              2.15272,
              41.41681
            ],
            [
              2.15466,
              41.41522
            ],
            [
              2.15522,
              41.41492
            ],
            [
              2.15537,
              41.41497
            ],
            [
              2.15546,
              41.41512
            ],
            [
              2.15576,
              41.41511
            ],
            [
              2.15599,
              41.41519
            ],
            [
              2.15663,
              41.41562
            ],
            [
              2.15721,
              41.41651
            ],
            [
              2.15742,
              41.41657
            ],
            [
              2.15757,
              41.41652
            ],
            [
              2.15788,
              41.4159
            ],
            [
              2.15835,
              41.41523
            ],
            [
              2.15919,
              41.41445
            ],
            [
              2.15978,
              41.41411
            ],
            [
              2.16028,
              41.41393
            ],
            [
              2.1605,
              41.41392
            ],
            [
              2.16106,
              41.41418
            ],
            [
              2.16138,
              41.41394
            ],
            [
              2.16142,
              41.41376
            ],
            [
              2.16124,
              41.41357
            ],
            [
              2.16369,
              41.41072
            ],
            [
              2.16866,
              41.40693
            ],
            [
              2.18048,
              41.41583
            ],
            [
              2.1804,
              41.41637
            ],
            [
              2.18039,
              41.41748
            ],
            [
              2.18049,
              41.41833
            ],
            [
              2.18083,
              41.41984
            ],
            [
              2.1808,
              41.42024
            ],
            [
              2.18047,
              41.42071
            ],
            [
              2.17622,
              41.42533
            ],
            [
              2.1759,
              41.42554
            ],
            [
              2.16998,
              41.42718
            ],
            [
              2.16422,
              41.42791
            ],
            [
              2.16363,
              41.4281
            ],
            [
              2.16615,
              41.42963
            ],
            [
              2.16431,
              41.43077
            ],
            [
              2.16364,
              41.43139
            ],
            [
              2.16323,
              41.43198
            ],
            [
              2.16311,
              41.43246
            ],
            [
              2.16311,
              41.43288
            ],
            [
              2.16358,
              41.43456
            ],
            [
              2.16426,
              41.43629
            ],
            [
              2.16317,
              41.43659
            ],
            [
              2.16352,
              41.4371
            ],
            [
              2.16313,
              41.43736
            ],
            [
              2.16366,
              41.43786
            ],
            [
              2.16244,
              41.43859
            ],
            [
              2.16166,
              41.43929
            ],
            [
              2.1618,
              41.43966
            ],
            [
              2.16156,
              41.43995
            ],
            [
              2.16155,
              41.44027
            ],
            [
              2.16165,
              41.44046
            ],
            [
              2.16189,
              41.44066
            ],
            [
              2.16237,
              41.44079
            ],
            [
              2.16244,
              41.44102
            ],
            [
              2.1624,
              41.44133
            ],
            [
              2.16171,
              41.44163
            ],
            [
              2.16164,
              41.44156
            ],
            [
              2.16013,
              41.4422
            ],
            [
              2.15997,
              41.44238
            ],
            [
              2.1597,
              41.44212
            ],
            [
              2.15919,
              41.44238
            ],
            [
              2.1587,
              41.44301
            ],
            [
              2.15841,
              41.44386
            ],
            [
              2.15799,
              41.4442
            ],
            [
              2.15795,
              41.44453
            ],
            [
              2.15771,
              41.44483
            ],
            [
              2.15747,
              41.44502
            ],
            [
              2.15699,
              41.44511
            ],
            [
              2.15648,
              41.44541
            ],
            [
              2.1561,
              41.44554
            ],
            [
              2.15578,
              41.44556
            ],
            [
              2.15571,
              41.44565
            ],
            [
              2.15583,
              41.44577
            ],
            [
              2.15708,
              41.44596
            ],
            [
              2.15725,
              41.44605
            ],
            [
              2.15759,
              41.44671
            ],
            [
              2.15747,
              41.44709
            ],
            [
              2.15712,
              41.44728
            ],
            [
              2.15704,
              41.44743
            ],
            [
              2.15749,
              41.44747
            ],
            [
              2.15794,
              41.44771
            ],
            [
              2.15864,
              41.44841
            ],
            [
              2.15942,
              41.44939
            ],
            [
              2.15948,
              41.44996
            ],
            [
              2.15911,
              41.45052
            ],
            [
              2.15897,
              41.45052
            ],
            [
              2.1585,
              41.45023
            ],
            [
              2.15797,
              41.4498
            ],
            [
              2.15745,
              41.44959
            ],
            [
              2.15658,
              41.44991
            ],
            [
              2.15602,
              41.44995
            ],
            [
              2.15441,
              41.44941
            ],
            [
              2.15343,
              41.44865
            ],
            [
              2.15327,
              41.44779
            ],
            [
              2.15276,
              41.44761
            ],
            [
              2.15197,
              41.44703
            ],
            [
              2.15075,
              41.4473
            ],
            [
              2.15,
              41.44718
            ],
            [
              2.14953,
              41.44722
            ],
            [
              2.14905,
              41.44695
            ],
            [
              2.14842,
              41.44676
            ],
            [
              2.14758,
              41.44695
            ],
            [
              2.14662,
              41.44755
            ],
            [
              2.14543,
              41.44778
            ],
            [
              2.14504,
              41.44796
            ],
            [
              2.14351,
              41.44762
            ],
            [
              2.14303,
              41.44745
            ],
            [
              2.14235,
              41.44698
            ],
            [
              2.14203,
              41.44694
            ],
            [
              2.14165,
              41.44699
            ],
            [
              2.14082,
              41.44744
            ],
            [
              2.13781,
              41.44796
            ],
            [
              2.13711,
              41.44762
            ],
            [
              2.13663,
              41.44774
            ],
            [
              2.13574,
              41.44743
            ],
            [
              2.13491,
              41.44759
            ],
            [
              2.13473,
              41.44756
            ],
            [
              2.13458,
              41.44709
            ],
            [
              2.13384,
              41.44604
            ],
            [
              2.13349,
              41.4457
            ],
            [
              2.13291,
              41.44543
            ],
            [
              2.13291,
              41.44494
            ],
            [
              2.13278,
              41.4446
            ],
            [
              2.13211,
              41.44417
            ],
            [
              2.13072,
              41.44383
            ],
            [
              2.13056,
              41.44356
            ],
            [
              2.12994,
              41.44303
            ],
            [
              2.12994,
              41.44247
            ],
            [
              2.1295,
              41.44191
            ],
            [
              2.12951,
              41.44174
            ],
            [
              2.12996,
              41.44109
            ],
            [
              2.12993,
              41.44067
            ],
            [
              2.12935,
              41.44008
            ],
            [
              2.12947,
              41.43873
            ],
            [
              2.12924,
              41.43766
            ],
            [
              2.12861,
              41.43679
            ],
            [
              2.1286,
              41.4366
            ],
            [
              2.1288,
              41.43621
            ],
            [
              2.12884,
              41.43518
            ],
            [
              2.12877,
              41.43488
            ],
            [
              2.12833,
              41.43406
            ],
            [
              2.1283,
              41.43352
            ],
            [
              2.12754,
              41.43314
            ],
            [
              2.12727,
              41.43263
            ],
            [
              2.12652,
              41.43185
            ],
            [
              2.12642,
              41.43168
            ],
            [
              2.12653,
              41.43161
            ],
            [
              2.12411,
              41.42961
            ],
            [
              2.12266,
              41.42876
            ],
            [
              2.12276,
              41.42866
            ],
            [
              2.12308,
              41.42869
            ],
            [
              2.122,
              41.42653
            ],
            [
              2.12121,
              41.42578
            ],
            [
              2.12135,
              41.42562
            ],
            [
              2.12131,
              41.42539
            ],
            [
              2.12047,
              41.42394
            ],
            [
              2.12055,
              41.42311
            ],
            [
              2.12044,
              41.4228
            ]
          ]
        ]
      }
    },
    {
      "type": "Feature",
      "properties": {
        "id": "nou_barris",
        "name": "Nou Barris"
      },
      "geometry": {
        "type": "Polygon",
        "coordinates": [
          [
            [
              2.15571,
              41.44569
            ],
            [
              2.15578,
              41.44556
            ],
            [
              2.15626,
              41.4455
            ],
            [
              2.15699,
              41.44511
            ],
            [
              2.15747,
              41.44502
            ],
            [
              2.15771,
              41.44483
            ],
            [
              2.15795,
              41.44453
            ],
            [
              2.15799,
              41.4442
            ],
            [
              2.15841,
              41.44386
            ],
            [
              2.1587,
              41.44301
            ],
            [
              2.15919,
              41.44238
            ],
            [
              2.1597,
              41.44212
            ],
            [
              2.15997,
              41.44238
            ],
            [
              2.16013,
              41.4422
            ],
            [
              2.16164,
              41.44156
            ],
            [
              2.16171,
              41.44163
            ],
            [
              2.1624,
              41.44133
            ],
            [
              2.16244,
              41.44102
            ],
            [
              2.16237,
              41.44079
            ],
            [
              2.16189,
              41.44066
            ],
            [
              2.16165,
              41.44046
            ],
            [
              2.16155,
              41.44027
            ],
            [
              2.16156,
              41.43995
            ],
            [
              2.1618,
              41.43966
            ],
            [
              2.16166,
              41.43929
            ],
            [
              2.16244,
              41.43859
            ],
            [
              2.16366,
              41.43786
            ],
            [
              2.16313,
              41.43736
            ],
            [
              2.16352,
              41.4371
            ],
            [
              2.16317,
              41.43659
            ],
            [
              2.16426,
              41.43629
            ],
            [
              2.16358,
              41.43456
            ],
            [
              2.16311,
              41.43288
            ],
            [
              2.16311,
              41.43246
            ],
            [
              2.16323,
              41.43198
            ],
            [
              2.16364,
              41.43139
            ],
            [
              2.16431,
              41.43077
            ],
            [
              2.16615,
              41.42963
            ],
            [
              2.16363,
              41.4281
            ],
            [
              2.16422,
              41.42791
            ],
            [
              2.16998,
              41.42718
            ],
            [
              2.17606,
              41.42545
            ],
            [
              2.1773,
              41.42549
            ],
            [
              2.17722,
              41.42734
            ],
            [
              2.17729,
              41.42817
            ],
            [
              2.17944,
              41.42784
            ],
            [
              2.1843,
              41.42764
            ],
            [
              2.18437,
              41.42835
            ],
            [
              2.18279,
              41.43064
            ],
            [
              2.18267,
              41.4312
            ],
            [
              2.18275,
              41.43175
            ],
            [
              2.18549,
              41.4399
            ],
            [
              2.18645,
              41.44317
            ],
            [
              2.18834,
              41.44886
            ],
            [
              2.18871,
              41.45011
            ],
            [
              2.1888,
              41.45069
            ],
            [
              2.18891,
              41.45325
            ],
            [
              2.18878,
              41.45484
            ],
            [
              2.18856,
              41.45565
            ],
            [
              2.18812,
              41.45663
            ],
            [
              2.18789,
              41.45691
            ],
            [
              2.18879,
              41.4573
            ],
            [
              2.18807,
              41.45832
            ],
            [
              2.18774,
              41.45915
            ],
            [
              2.18764,
              41.45964
            ],
            [
              2.1874,
              41.46208
            ],
            [
              2.18764,
              41.46212
            ],
            [
              2.18706,
              41.46772
            ],
            [
              2.18538,
              41.4678
            ],
            [
              2.18458,
              41.4682
            ],
            [
              2.18379,
              41.4683
            ],
            [
              2.18069,
              41.46767
            ],
            [
              2.17941,
              41.46759
            ],
            [
              2.17869,
              41.46818
            ],
            [
              2.17861,
              41.46742
            ],
            [
              2.17867,
              41.46708
            ],
            [
              2.17894,
              41.46653
            ],
            [
              2.17984,
              41.46551
            ],
            [
              2.18071,
              41.46494
            ],
            [
              2.17746,
              41.46416
            ],
            [
              2.17625,
              41.46399
            ],
            [
              2.17573,
              41.46373
            ],
            [
              2.17492,
              41.46385
            ],
            [
              2.17488,
              41.4637
            ],
            [
              2.17452,
              41.46348
            ],
            [
              2.17435,
              41.46348
            ],
            [
              2.17435,
              41.46297
            ],
            [
              2.17417,
              41.46264
            ],
            [
              2.174,
              41.46254
            ],
            [
              2.17376,
              41.46254
            ],
            [
              2.17265,
              41.46187
            ],
            [
              2.17175,
              41.46121
            ],
            [
              2.17141,
              41.46082
            ],
            [
              2.17122,
              41.46121
            ],
            [
              2.17002,
              41.46084
            ],
            [
              2.17001,
              41.46075
            ],
            [
              2.16929,
              41.46063
            ],
            [
              2.16832,
              41.46028
            ],
            [
              2.16826,
              41.4607
            ],
            [
              2.16733,
              41.46068
            ],
            [
              2.16724,
              41.46047
            ],
            [
              2.16752,
              41.45993
            ],
            [
              2.16717,
              41.4598
            ],
            [
              2.16693,
              41.45949
            ],
            [
              2.16692,
              41.45917
            ],
            [
              2.16616,
              41.45847
            ],
            [
              2.16574,
              41.45837
            ],
            [
              2.16562,
              41.45803
            ],
            [
              2.16532,
              41.45769
            ],
            [
              2.16423,
              41.45604
            ],
            [
              2.16417,
              41.45579
            ],
            [
              2.16441,
              41.45512
            ],
            [
              2.16492,
              41.45477
            ],
            [
              2.16496,
              41.45433
            ],
            [
              2.1648,
              41.45377
            ],
            [
              2.1649,
              41.45316
            ],
            [
              2.1648,
              41.45268
            ],
            [
              2.16533,
              41.45225
            ],
            [
              2.16557,
              41.4518
            ],
            [
              2.16556,
              41.45148
            ],
            [
              2.16476,
              41.45106
            ],
            [
              2.16436,
              41.45057
            ],
            [
              2.16417,
              41.44987
            ],
            [
              2.16404,
              41.44979
            ],
            [
              2.16279,
              41.44979
            ],
            [
              2.16186,
              41.45026
            ],
            [
              2.16021,
              41.45033
            ],
            [
              2.15956,
              41.45052
            ],
            [
              2.15911,
              41.45052
            ],
            [
              2.15948,
              41.44996
            ],
            [
              2.15942,
              41.44939
            ],
            [
              2.15864,
              41.44841
            ],
            [
              2.15794,
              41.44771
            ],
            [
              2.15749,
              41.44747
            ],
            [
              2.15704,
              41.44743
            ],
            [
              2.15712,
              41.44728
            ],
            [
              2.15747,
              41.44709
            ],
            [
              2.15759,
              41.44671
            ],
            [
              2.15725,
              41.44605
            ],
            [
              2.15571,
              41.44569
            ]
          ]
        ]
      }
    },
    {
      "type": "Feature",
      "properties": {
        "id": "sant_andreu",
        "name": "Sant Andreu"
      },
      "geometry": {
        "type": "Polygon",
        "coordinates": [
          [
            [
              2.18764,
              41.46212
            ],
            [
              2.1874,
              41.46208
            ],
            [
              2.18772,
              41.45923
            ],
            [
              2.18807,
              41.45832
            ],
            [
              2.18879,
              41.4573
            ],
            [
              2.18789,
              41.45691
            ],
            [
              2.18812,
              41.45663
            ],
            [
              2.18856,
              41.45565
            ],
            [
              2.18878,
              41.45484
            ],
            [
              2.18891,
              41.45325
            ],
            [
              2.1888,
              41.45069
            ],
            [
              2.18871,
              41.45011
            ],
            [
              2.18834,
              41.44886
            ],
            [
              2.18645,
              41.44317
            ],
            [
              2.18549,
              41.4399
            ],
            [
              2.18275,
              41.43175
            ],
            [
              2.18267,
              41.4312
            ],
            [
              2.18279,
              41.43064
            ],
            [
              2.18437,
              41.42835
            ],
            [
              2.1843,
              41.42764
            ],
            [
              2.17944,
              41.42784
            ],
            [
              2.17729,
              41.42817
            ],
            [
              2.17722,
              41.42734
            ],
            [
              2.1773,
              41.42549
            ],
            [
              2.17606,
              41.42545
            ],
            [
              2.18075,
              41.42035
            ],
            [
              2.18083,
              41.41984
            ],
            [
              2.18049,
              41.41833
            ],
            [
              2.18039,
              41.41748
            ],
            [
              2.1804,
              41.41637
            ],
            [
              2.18048,
              41.41583
            ],
            [
              2.18336,
              41.41795
            ],
            [
              2.18903,
              41.41368
            ],
            [
              2.19098,
              41.41517
            ],
            [
              2.19111,
              41.41554
            ],
            [
              2.19241,
              41.41455
            ],
            [
              2.19354,
              41.4154
            ],
            [
              2.19323,
              41.41632
            ],
            [
              2.19329,
              41.4168
            ],
            [
              2.19522,
              41.42239
            ],
            [
              2.19549,
              41.42234
            ],
            [
              2.1956,
              41.42265
            ],
            [
              2.19589,
              41.42442
            ],
            [
              2.19655,
              41.42659
            ],
            [
              2.19643,
              41.42666
            ],
            [
              2.19721,
              41.42875
            ],
            [
              2.19757,
              41.42921
            ],
            [
              2.1984,
              41.42982
            ],
            [
              2.19894,
              41.43003
            ],
            [
              2.1999,
              41.43016
            ],
            [
              2.20069,
              41.43016
            ],
            [
              2.20153,
              41.42999
            ],
            [
              2.20298,
              41.42948
            ],
            [
              2.20702,
              41.42758
            ],
            [
              2.20735,
              41.42798
            ],
            [
              2.20728,
              41.42801
            ],
            [
              2.20736,
              41.42811
            ],
            [
              2.20728,
              41.42879
            ],
            [
              2.20714,
              41.42885
            ],
            [
              2.20732,
              41.42907
            ],
            [
              2.20725,
              41.4291
            ],
            [
              2.20692,
              41.42991
            ],
            [
              2.20701,
              41.43001
            ],
            [
              2.20654,
              41.43024
            ],
            [
              2.2068,
              41.43054
            ],
            [
              2.20667,
              41.43058
            ],
            [
              2.20648,
              41.43108
            ],
            [
              2.20617,
              41.43227
            ],
            [
              2.20647,
              41.43264
            ],
            [
              2.20804,
              41.43313
            ],
            [
              2.20955,
              41.43324
            ],
            [
              2.21076,
              41.43343
            ],
            [
              2.21017,
              41.43452
            ],
            [
              2.20963,
              41.43576
            ],
            [
              2.2084,
              41.44
            ],
            [
              2.20799,
              41.4411
            ],
            [
              2.20732,
              41.44237
            ],
            [
              2.2063,
              41.44381
            ],
            [
              2.20321,
              41.4471
            ],
            [
              2.19918,
              41.45107
            ],
            [
              2.19771,
              41.45228
            ],
            [
              2.19131,
              41.45685
            ],
            [
              2.18979,
              41.45822
            ],
            [
              2.18901,
              41.45904
            ],
            [
              2.18833,
              41.46005
            ],
            [
              2.18787,
              41.46108
            ],
            [
              2.18764,
              41.46212
            ]
          ]
        ]
      }
    },
    {
      "type": "Feature",
      "properties": {
        "id": "sant_marti",
        "name": "Sant Martí"
      },
      "geometry": {
        "type": "Polygon",
        "coordinates": [
          [
            [
              2.20736,
              41.42711
            ],
            [
              2.20684,
              41.42736
            ],
            [
              2.20702,
              41.42758
            ],
            [
              2.20298,
              41.42948
            ],
            [
              2.20153,
              41.42999
            ],
            [
              2.20069,
              41.43016
            ],
            [
              2.1999,
              41.43016
            ],
            [
              2.19894,
              41.43003
            ],
            [
              2.1984,
              41.42982
            ],
            [
              2.19757,
              41.42921
            ],
            [
              2.19732,
              41.42894
            ],
            [
              2.19662,
              41.42728
            ],
            [
              2.19643,
              41.42666
            ],
            [
              2.19655,
              41.42659
            ],
            [
              2.19589,
              41.42442
            ],
            [
              2.1956,
              41.42265
            ],
            [
              2.19549,
              41.42234
            ],
            [
              2.19522,
              41.42239
            ],
            [
              2.19325,
              41.41664
            ],
            [
              2.19329,
              41.41606
            ],
            [
              2.19354,
              41.4154
            ],
            [
              2.19336,
              41.41525
            ],
            [
              2.19241,
              41.41455
            ],
            [
              2.19111,
              41.41554
            ],
            [
              2.19098,
              41.41517
            ],
            [
              2.18903,
              41.41368
            ],
            [
              2.18336,
              41.41795
            ],
            [
              2.17547,
              41.41204
            ],
            [
              2.18567,
              41.40431
            ],
            [
              2.18453,
              41.40345
            ],
            [
              2.1869,
              41.40166
            ],
            [
              2.18687,
              41.39497
            ],
            [
              2.18666,
              41.39483
            ],
            [
              2.18673,
              41.39464
            ],
            [
              2.18238,
              41.39142
            ],
            [
              2.18459,
              41.38976
            ],
            [
              2.18677,
              41.39139
            ],
            [
              2.19357,
              41.38624
            ],
            [
              2.19575,
              41.38785
            ],
            [
              2.19595,
              41.38754
            ],
            [
              2.19642,
              41.38747
            ],
            [
              2.19972,
              41.38499
            ],
            [
              2.19999,
              41.38519
            ],
            [
              2.19976,
              41.38532
            ],
            [
              2.19984,
              41.38538
            ],
            [
              2.19959,
              41.3857
            ],
            [
              2.19942,
              41.38558
            ],
            [
              2.19929,
              41.38568
            ],
            [
              2.19949,
              41.38583
            ],
            [
              2.19831,
              41.38672
            ],
            [
              2.19843,
              41.38681
            ],
            [
              2.19831,
              41.3869
            ],
            [
              2.20022,
              41.38833
            ],
            [
              2.20034,
              41.38824
            ],
            [
              2.20046,
              41.38833
            ],
            [
              2.20196,
              41.3872
            ],
            [
              2.2002,
              41.38587
            ],
            [
              2.20084,
              41.38539
            ],
            [
              2.20112,
              41.3856
            ],
            [
              2.20099,
              41.3857
            ],
            [
              2.20104,
              41.38574
            ],
            [
              2.20117,
              41.38564
            ],
            [
              2.20141,
              41.38582
            ],
            [
              2.2012,
              41.38597
            ],
            [
              2.2021,
              41.38664
            ],
            [
              2.20215,
              41.38661
            ],
            [
              2.20214,
              41.38667
            ],
            [
              2.2024,
              41.38687
            ],
            [
              2.2026,
              41.38672
            ],
            [
              2.20252,
              41.38665
            ],
            [
              2.20262,
              41.3867
            ],
            [
              2.20275,
              41.38661
            ],
            [
              2.20264,
              41.38647
            ],
            [
              2.20255,
              41.38651
            ],
            [
              2.20251,
              41.38646
            ],
            [
              2.20261,
              41.38643
            ],
            [
              2.2018,
              41.38551
            ],
            [
              2.20075,
              41.38458
            ],
            [
              2.20003,
              41.38411
            ],
            [
              2.1999,
              41.38415
            ],
            [
              2.19886,
              41.38366
            ],
            [
              2.19901,
              41.3835
            ],
            [
              2.1994,
              41.38336
            ],
            [
              2.19978,
              41.38335
            ],
            [
              2.20054,
              41.38373
            ],
            [
              2.20067,
              41.38386
            ],
            [
              2.20053,
              41.38398
            ],
            [
              2.19978,
              41.3836
            ],
            [
              2.1995,
              41.38359
            ],
            [
              2.19951,
              41.38365
            ],
            [
              2.19973,
              41.38366
            ],
            [
              2.20063,
              41.38416
            ],
            [
              2.20186,
              41.38517
            ],
            [
              2.20278,
              41.38617
            ],
            [
              2.20362,
              41.38742
            ],
            [
              2.20305,
              41.38784
            ],
            [
              2.20326,
              41.38793
            ],
            [
              2.20343,
              41.3881
            ],
            [
              2.20339,
              41.38816
            ],
            [
              2.20292,
              41.38783
            ],
            [
              2.20283,
              41.38765
            ],
            [
              2.20149,
              41.38865
            ],
            [
              2.20167,
              41.38917
            ],
            [
              2.20207,
              41.3898
            ],
            [
              2.203,
              41.3905
            ],
            [
              2.20355,
              41.39078
            ],
            [
              2.20442,
              41.39108
            ],
            [
              2.20475,
              41.39111
            ],
            [
              2.20576,
              41.39039
            ],
            [
              2.20589,
              41.39049
            ],
            [
              2.20457,
              41.39149
            ],
            [
              2.20482,
              41.39168
            ],
            [
              2.20614,
              41.39068
            ],
            [
              2.20627,
              41.39077
            ],
            [
              2.20573,
              41.39118
            ],
            [
              2.20547,
              41.39144
            ],
            [
              2.20551,
              41.39155
            ],
            [
              2.20636,
              41.3928
            ],
            [
              2.20703,
              41.39362
            ],
            [
              2.2082,
              41.39479
            ],
            [
              2.2089,
              41.39525
            ],
            [
              2.21007,
              41.39565
            ],
            [
              2.21132,
              41.39474
            ],
            [
              2.21145,
              41.39484
            ],
            [
              2.21091,
              41.39525
            ],
            [
              2.21113,
              41.39541
            ],
            [
              2.21125,
              41.39531
            ],
            [
              2.21131,
              41.39535
            ],
            [
              2.21172,
              41.39504
            ],
            [
              2.21185,
              41.39513
            ],
            [
              2.21074,
              41.39603
            ],
            [
              2.21111,
              41.39678
            ],
            [
              2.21212,
              41.39795
            ],
            [
              2.2128,
              41.39858
            ],
            [
              2.21364,
              41.39914
            ],
            [
              2.2144,
              41.39935
            ],
            [
              2.215,
              41.39894
            ],
            [
              2.21515,
              41.39874
            ],
            [
              2.21559,
              41.3986
            ],
            [
              2.21534,
              41.39886
            ],
            [
              2.21542,
              41.39892
            ],
            [
              2.21567,
              41.3988
            ],
            [
              2.21571,
              41.39887
            ],
            [
              2.21564,
              41.39898
            ],
            [
              2.21456,
              41.39974
            ],
            [
              2.2153,
              41.40105
            ],
            [
              2.21615,
              41.40195
            ],
            [
              2.21661,
              41.40228
            ],
            [
              2.21734,
              41.40259
            ],
            [
              2.21821,
              41.40203
            ],
            [
              2.21878,
              41.40154
            ],
            [
              2.21894,
              41.40151
            ],
            [
              2.21835,
              41.4021
            ],
            [
              2.21715,
              41.40294
            ],
            [
              2.21756,
              41.40353
            ],
            [
              2.21849,
              41.40438
            ],
            [
              2.21922,
              41.40478
            ],
            [
              2.22031,
              41.40515
            ],
            [
              2.22182,
              41.40402
            ],
            [
              2.22215,
              41.40388
            ],
            [
              2.22195,
              41.40355
            ],
            [
              2.22215,
              41.40352
            ],
            [
              2.22246,
              41.4038
            ],
            [
              2.22293,
              41.40463
            ],
            [
              2.22338,
              41.40515
            ],
            [
              2.22339,
              41.40529
            ],
            [
              2.22324,
              41.40529
            ],
            [
              2.22286,
              41.40498
            ],
            [
              2.22237,
              41.4042
            ],
            [
              2.22217,
              41.40408
            ],
            [
              2.22172,
              41.40436
            ],
            [
              2.22175,
              41.40448
            ],
            [
              2.22152,
              41.4047
            ],
            [
              2.22146,
              41.40466
            ],
            [
              2.22097,
              41.40514
            ],
            [
              2.22152,
              41.40553
            ],
            [
              2.22182,
              41.40532
            ],
            [
              2.22177,
              41.40511
            ],
            [
              2.22192,
              41.40508
            ],
            [
              2.22227,
              41.40534
            ],
            [
              2.22242,
              41.40531
            ],
            [
              2.22268,
              41.40539
            ],
            [
              2.22291,
              41.40574
            ],
            [
              2.22343,
              41.40618
            ],
            [
              2.22386,
              41.40624
            ],
            [
              2.22394,
              41.40632
            ],
            [
              2.22433,
              41.40617
            ],
            [
              2.22449,
              41.40623
            ],
            [
              2.22469,
              41.40647
            ],
            [
              2.22511,
              41.40632
            ],
            [
              2.2255,
              41.40596
            ],
            [
              2.22572,
              41.40597
            ],
            [
              2.22581,
              41.40612
            ],
            [
              2.22569,
              41.40633
            ],
            [
              2.22478,
              41.40694
            ],
            [
              2.22502,
              41.40734
            ],
            [
              2.22547,
              41.40702
            ],
            [
              2.22543,
              41.40696
            ],
            [
              2.22566,
              41.40673
            ],
            [
              2.22588,
              41.40661
            ],
            [
              2.22609,
              41.40662
            ],
            [
              2.22621,
              41.40682
            ],
            [
              2.22604,
              41.40694
            ],
            [
              2.22616,
              41.40711
            ],
            [
              2.22616,
              41.40721
            ],
            [
              2.22605,
              41.40718
            ],
            [
              2.22611,
              41.40725
            ],
            [
              2.22623,
              41.40736
            ],
            [
              2.22634,
              41.40716
            ],
            [
              2.22648,
              41.4071
            ],
            [
              2.22654,
              41.40747
            ],
            [
              2.22649,
              41.40769
            ],
            [
              2.22674,
              41.40788
            ],
            [
              2.22681,
              41.40763
            ],
            [
              2.22693,
              41.40763
            ],
            [
              2.22702,
              41.40789
            ],
            [
              2.22692,
              41.40811
            ],
            [
              2.22702,
              41.4082
            ],
            [
              2.22717,
              41.40808
            ],
            [
              2.22743,
              41.40809
            ],
            [
              2.22802,
              41.40904
            ],
            [
              2.22804,
              41.40922
            ],
            [
              2.22794,
              41.40954
            ],
            [
              2.22789,
              41.40962
            ],
            [
              2.22771,
              41.40961
            ],
            [
              2.2275,
              41.40941
            ],
            [
              2.22737,
              41.40899
            ],
            [
              2.22724,
              41.40895
            ],
            [
              2.22698,
              41.40841
            ],
            [
              2.22705,
              41.40828
            ],
            [
              2.22689,
              41.40825
            ],
            [
              2.22678,
              41.40799
            ],
            [
              2.22644,
              41.40777
            ],
            [
              2.22628,
              41.40743
            ],
            [
              2.2261,
              41.40738
            ],
            [
              2.22597,
              41.40715
            ],
            [
              2.22584,
              41.40709
            ],
            [
              2.22543,
              41.40732
            ],
            [
              2.22583,
              41.40794
            ],
            [
              2.22584,
              41.40776
            ],
            [
              2.22594,
              41.40774
            ],
            [
              2.22608,
              41.40789
            ],
            [
              2.2259,
              41.40805
            ],
            [
              2.22626,
              41.40851
            ],
            [
              2.22612,
              41.40854
            ],
            [
              2.22621,
              41.40855
            ],
            [
              2.22614,
              41.40858
            ],
            [
              2.22636,
              41.4089
            ],
            [
              2.22641,
              41.40865
            ],
            [
              2.22634,
              41.40865
            ],
            [
              2.22626,
              41.40844
            ],
            [
              2.22639,
              41.4084
            ],
            [
              2.22653,
              41.40858
            ],
            [
              2.22645,
              41.40863
            ],
            [
              2.22642,
              41.4089
            ],
            [
              2.22679,
              41.40936
            ],
            [
              2.22675,
              41.40966
            ],
            [
              2.22721,
              41.41038
            ],
            [
              2.22325,
              41.41199
            ],
            [
              2.22288,
              41.41216
            ],
            [
              2.22279,
              41.41232
            ],
            [
              2.22098,
              41.41308
            ],
            [
              2.22137,
              41.41351
            ],
            [
              2.22088,
              41.41377
            ],
            [
              2.22044,
              41.41417
            ],
            [
              2.21819,
              41.41729
            ],
            [
              2.21779,
              41.41699
            ],
            [
              2.21609,
              41.41827
            ],
            [
              2.21632,
              41.41844
            ],
            [
              2.21402,
              41.42017
            ],
            [
              2.21379,
              41.42
            ],
            [
              2.21259,
              41.4209
            ],
            [
              2.21248,
              41.42081
            ],
            [
              2.21128,
              41.42167
            ],
            [
              2.21182,
              41.42207
            ],
            [
              2.21132,
              41.42257
            ],
            [
              2.21113,
              41.42321
            ],
            [
              2.21095,
              41.42347
            ],
            [
              2.2106,
              41.42376
            ],
            [
              2.2096,
              41.42434
            ],
            [
              2.20937,
              41.42472
            ],
            [
              2.20926,
              41.42519
            ],
            [
              2.20909,
              41.42534
            ],
            [
              2.20866,
              41.42502
            ],
            [
              2.20843,
              41.42518
            ],
            [
              2.20798,
              41.42502
            ],
            [
              2.20754,
              41.425
            ],
            [
              2.20677,
              41.42542
            ],
            [
              2.20607,
              41.42561
            ],
            [
              2.20635,
              41.42605
            ],
            [
              2.20646,
              41.4264
            ],
            [
              2.20676,
              41.42675
            ],
            [
              2.20698,
              41.42665
            ],
            [
              2.20736,
              41.42711
            ]
          ]
        ]
      }
    }
  ]
}